id,created_at,fullName,email,nationalID,nationality,countryFlag
4,2023-08-28 17:45:25.446892+00,Jonas Schmedtmann,hello@jonas.io,3525436345,Portugal,https://flagcdn.com/pt.svg
5,2023-08-28 17:45:25.446892+00,Jonathan Smith,johnsmith@test.eu,4534593454,Great Britain,https://flagcdn.com/gb.svg
6,2023-08-28 17:45:25.446892+00,Jonatan Johansson,jonatan@example.com,9374074454,Finland,https://flagcdn.com/fi.svg
7,2023-08-28 17:45:25.446892+00,Jonas Mueller,jonas@example.eu,1233212288,Germany,https://flagcdn.com/de.svg
8,2023-08-28 17:45:25.446892+00,Jonas Anderson,anderson@example.com,0988520146,Bolivia (Plurinational State of),https://flagcdn.com/bo.svg
9,2023-08-28 17:45:25.446892+00,Jonathan Williams,jowi@gmail.com,633678543,United States of America,https://flagcdn.com/us.svg
10,2023-08-28 17:45:25.446892+00,Emma Watson,emma@gmail.com,1234578901,United Kingdom,https://flagcdn.com/gb.svg
11,2023-08-28 17:45:25.446892+00,Mohammed Ali,mohammedali@yahoo.com,987543210,Egypt,https://flagcdn.com/eg.svg
12,2023-08-28 17:45:25.446892+00,Maria Rodriguez,maria@gmail.com,1098765321,Spain,https://flagcdn.com/es.svg
13,2023-08-28 17:45:25.446892+00,Li Mei,li.mei@hotmail.com,102934756,China,https://flagcdn.com/cn.svg
14,2023-08-28 17:45:25.446892+00,Khadija Ahmed,khadija@gmail.com,1023457890,Sudan,https://flagcdn.com/sd.svg
15,2023-08-28 17:45:25.446892+00,Gabriel Silva,gabriel@gmail.com,109283465,Brazil,https://flagcdn.com/br.svg
16,2023-08-28 17:45:25.446892+00,Maria Gomez,maria@example.com,108765421,Mexico,https://flagcdn.com/mx.svg
17,2023-08-28 17:45:25.446892+00,Ahmed Hassan,ahmed@gmail.com,1077777777,Egypt,https://flagcdn.com/eg.svg
18,2023-08-28 17:45:25.446892+00,John Doe,johndoe@gmail.com,3245908744,United States,https://flagcdn.com/us.svg
19,2023-08-28 17:45:25.446892+00,Fatima Ahmed,fatima@example.com,1089999363,Pakistan,https://flagcdn.com/pk.svg
20,2023-08-28 17:45:25.446892+00,David Smith,david@gmail.com,44450960283,Australia,https://flagcdn.com/au.svg
21,2023-08-28 17:45:25.446892+00,Marie Dupont,marie@gmail.com,06934233728,France,https://flagcdn.com/fr.svg
22,2023-08-28 17:45:25.446892+00,Ramesh Patel,ramesh@gmail.com,9875412303,India,https://flagcdn.com/in.svg
23,2023-08-28 17:45:25.446892+00,Fatimah Al-Sayed,fatimah@gmail.com,0123456789,Kuwait,https://flagcdn.com/kw.svg
24,2023-08-28 17:45:25.446892+00,Nina Williams,nina@hotmail.com,2345678901,South Africa,https://flagcdn.com/za.svg
25,2023-08-28 17:45:25.446892+00,Taro Tanaka,taro@gmail.com,3456789012,Japan,https://flagcdn.com/jp.svg
26,2023-08-28 17:45:25.446892+00,Abdul Rahman,abdul@gmail.com,4567890123,Saudi Arabia,https://flagcdn.com/sa.svg
27,2023-08-28 17:45:25.446892+00,Julie Nguyen,julie@gmail.com,5678901234,Vietnam,https://flagcdn.com/vn.svg
28,2023-08-28 17:45:25.446892+00,Sara Lee,sara@gmail.com,6789012345,South Korea,https://flagcdn.com/kr.svg
29,2023-08-28 17:45:25.446892+00,Carlos Gomez,carlos@yahoo.com,7890123456,Colombia,https://flagcdn.com/co.svg
30,2023-08-28 17:45:25.446892+00,Emma Brown,emma@gmail.com,8901234567,Canada,https://flagcdn.com/ca.svg
31,2023-08-28 17:45:25.446892+00,Juan Hernandez,juan@yahoo.com,4343433333,Argentina,https://flagcdn.com/ar.svg
32,2023-08-28 17:45:25.446892+00,Ibrahim Ahmed,ibrahim@yahoo.com,2345678009,Nigeria,https://flagcdn.com/ng.svg
33,2023-08-28 17:45:25.446892+00,Mei Chen,mei@gmail.com,3456117890,Taiwan,https://flagcdn.com/tw.svg